-9.202475308204432380e+00,5.416099634415822983e+00
1.922979079517269652e+00,1.000108306897247390e+00
-8.361113134739866837e+00,5.608962341654524231e+00
-5.070903758236138259e+00,5.222858323103486633e+00
2.022407890610308456e+00,2.512394673392266853e+00
-6.411485811840944571e+00,-5.473092806639930252e+00
-8.467493173657853589e+00,4.137506700275266347e+00
-9.035605731384494632e+00,5.141667164871530638e+00
3.902808164777703315e+00,-6.004678344168308257e-01
-8.831998198251847398e+00,-3.296193382786440029e+00
-6.940972745558033452e+00,3.977435608739314343e+00
-7.149469316476562142e+00,4.160875809400726766e+00
-9.401879373515390270e+00,-5.632094310489843103e+00
2.532322700515956981e+00,1.547107088200675440e+00
-7.377480859695002557e+00,4.368808058253143223e+00
-6.568432242550708899e+00,6.462214170780419487e+00
-7.533620425618020811e+00,4.905607493588814982e+00
2.003077903541791827e+00,-8.043471332047964495e-01
-8.285959151485172924e+00,6.496910993520827127e+00
3.073468412104572778e+00,1.607449218137243285e+00
-8.972402889352498079e+00,6.346221073222300113e+00
-1.003492119450349485e+01,-5.224513033857718369e+00
1.977768478784081019e+00,2.883266729298341158e+00
-4.274219264073852997e+00,-6.366505373673706281e+00
-6.954976624497309245e+00,5.599039526376183851e+00
-7.098290087638376988e+00,-3.047479670868344925e+00
-7.283826952969031154e+00,-2.744018243087508857e+00
-8.528869853556114933e+00,5.173711852987023185e+00
-1.057918496389682161e+01,-6.286303422940322960e+00
-7.868088244212588123e+00,3.019434408931060076e+00
-6.503529756044310162e+00,-3.084323957652044257e+00
-7.969453418959383306e+00,4.963116469154932986e+00
2.662830242462591812e+00,6.000967635172709258e-01
4.151843646202388882e+00,2.576926753339204623e+00
-8.849072872693660941e+00,6.629500043232328110e+00
-4.783428712932376925e+00,-3.643411230303274628e+00
-7.704924216698137762e+00,3.901231543332700724e+00
-6.501883293893313542e+00,-5.635872715616518924e+00
-7.807271003500273032e+00,5.696438673391439167e+00
-9.482883357574042549e+00,3.690587853668986007e+00
-6.598476583994754563e+00,5.158433846785531962e+00
-6.734306980644469753e+00,-2.668689485417046647e+00
-7.231131414758263709e+00,-3.698064737845649486e+00
-7.688875553906346028e+00,3.921638909183220001e+00
-1.120376881171529249e+01,-6.448250472253855392e+00
-9.532921053430127856e+00,3.288029835905778686e+00
-7.465798829154228322e+00,5.317885097238181480e+00
-1.029980334616144688e+01,-4.943043148480504634e+00
-9.231344903241300415e+00,-3.997571794454742200e+00
-8.461893815354285309e+00,4.373509776850912800e+00
-7.168648942015231285e+00,5.487972682663004420e+00
-2.392356528398860149e+00,4.893267775575973033e+00
-8.324934958320499234e+00,4.288693640257211115e+00
-9.696131266831542916e+00,5.730183531129614316e+00
3.152531168111280202e+00,1.435852449937581543e+00
-7.982484386721782066e+00,5.323625764609118960e+00
2.746454554814252269e+00,7.405519686157073789e-01
1.137227821184745746e+00,2.698576413587913780e+00
-6.851649419308873945e+00,4.089149622361347269e+00
2.270936895926305432e+00,2.427453770688831280e+00
-8.737959297993995733e+00,-3.297891779310690108e+00
4.928702741033579304e-01,3.154342018582691587e+00
-8.855240457250864949e+00,6.257219650828994340e+00
-8.636646090253005781e+00,-1.784328586214472434e+00
-7.461562999645461325e+00,5.483341851780571652e+00
9.874627601811982736e-01,5.693729425317604509e+00
-8.717331406732959920e+00,-4.058085442477484150e+00
-8.356871528025598295e+00,5.545657323470027933e+00
-7.640189225904137515e+00,-4.168063923089513345e+00
-7.222723036232044258e+00,4.708958536726973954e+00
-9.246352382926716018e+00,-6.079350547800101978e+00
-8.163254948833179370e+00,4.913544717288952590e+00
-9.069378933470170878e+00,-4.029297704328434371e+00
-8.522619416398477199e+00,6.042977594646376183e+00
-7.229163039595063012e+00,5.243168215402492116e+00
-8.060362494392338206e+00,4.288959403208888688e+00
-9.584473563150934794e+00,5.844454306604585980e+00
-8.281575430800101500e+00,4.410613298021430317e+00
-7.045810419101234956e+00,5.544144752358008077e+00
-1.107999904598262297e+01,-7.231299987159468756e+00
-7.267575990245124018e+00,4.624777599239327408e+00
-9.012457152743806432e+00,6.250569832543434678e+00
-8.469550556846364486e+00,-4.275112092840528177e+00
-6.491426988069045834e+00,-7.601211424373390813e-01
4.576170172810562597e+00,-1.252127491786390490e+00
2.191545528804079268e+00,-2.248897309186714821e-01
-1.036958488190336780e+01,-4.160427934760414281e+00
-9.006036857920392436e+00,4.178450174396867389e+00
-8.998848796095368030e+00,4.259863209260486450e+00
-7.747668568615479145e+00,4.609202003918986712e+00
-7.032567870966848211e+00,-2.680929964374792362e+00
-6.569269905499184325e+00,-3.510545221808767380e+00
-8.896369722552179837e+00,3.037267990859247924e+00
-7.182022392745194495e+00,4.721085724896759928e+00
-5.104242287133294198e+00,-3.273954406056184929e+00
-8.907847818405073781e+00,-4.077046566062819899e+00
-6.919455872974513255e+00,3.392323420956822932e+00
-1.259607238134896434e+01,-8.743921713909792004e+00
-7.610906031134279104e+00,6.171041064620488292e+00
-7.129038217828380652e+00,4.122029383464130170e+00
-7.016363804210820732e+00,4.914385045769503080e+00
-9.426937685426992175e+00,4.067429770102986453e+00
1.936157930323338050e+00,3.063087426942640690e+00
-7.676643468519741553e+00,3.630608875952842762e+00
-7.702485646045054146e+00,5.044022276175348374e+00
-9.542288150799677737e+00,5.862148056884267433e+00
-9.649216974417132775e+00,6.398562092125535727e+00
-8.756493528880747945e+00,5.301514057396766511e+00
-7.933078540629030506e+00,-4.704058061380247402e+00
3.781215024780199663e+00,1.552757085325538133e+00
-8.334621605954122714e+00,4.120442902688616016e+00
-9.416329369651426973e+00,-6.454129778501131121e+00
-1.111685659159912554e+01,5.644452033411042180e+00
-7.026683960104628923e+00,-4.745332680922542679e-01
1.705875139611142455e+00,1.332207619465938020e+00
-1.602161429586940855e+00,5.542400792601201331e+00
-7.052088376283427884e+00,-5.206286515091417044e+00
-8.510755582480536319e+00,-4.897108985580216789e+00
-7.459876973599506300e+00,7.290467070530539218e+00
-1.015806856396125646e+01,6.318551018090836635e+00
-9.096249260464418285e+00,-6.147530446668297621e+00
-7.891217589490318929e+00,-4.316263679030937439e+00
-8.349782180111537500e+00,7.023471949769973577e+00
-7.552787912545168680e+00,4.383878876676520875e+00
-2.211952887896329045e-02,2.340697448314768003e+00
-9.252593341503319024e+00,4.413679974788867533e+00
-1.047247857716212138e+01,-3.080115431505800139e+00
-9.464879089455539685e+00,-5.308358739132216009e+00
-7.557153886253260566e+00,5.218397073129937169e+00
-8.200353480004986650e+00,3.285953883951003629e+00
-9.005311872348858770e+00,5.101407146668210935e+00
-7.868426032091931255e+00,3.594439952608110111e+00
2.776203561986417157e+00,8.873243010376559159e-01
-6.605642043510700390e+00,-4.194914685653698072e+00
-8.531993809411162033e+00,4.043741577567717016e+00
-7.927322100896209811e+00,4.794165974781262385e+00
-1.090103737145681784e+01,-6.064241348838432799e+00
-7.571837227186264840e+00,-3.840102792723105285e+00
-8.933316240226922389e+00,4.965524953911601536e+00
-7.501273041688068410e+00,4.262068219758770482e+00
-7.499983304142697094e+00,3.568202221934962282e+00
-7.887262058764262562e+00,5.657267690304776941e+00
-7.530640352497581347e+00,-5.308080867204843400e+00
-9.006559064794236846e+00,2.856691934761311558e+00
-8.836459832398313452e+00,-4.888844307086813501e+00
2.498918623192870392e+00,1.104598833231372090e+00
-5.535678066484634563e+00,5.193831736928412823e+00
-7.628827447350960966e+00,4.010177450452880876e+00
1.549753052231369166e+00,1.998648369390904067e+00
-8.355951493046806178e+00,7.540231620759171527e+00
-8.341678097595879748e+00,5.024290914137780284e+00
-8.200907533200926025e+00,5.122531317653301386e+00
-1.080220279839171305e+01,3.811575578416980470e+00
8.796081490455056606e-01,2.151924132696750647e+00
-7.533709956449810896e+00,6.714831608676043118e+00
-8.397912098590841978e+00,5.782578880841977131e+00
-8.109954547878372111e+00,-3.492452064205145756e+00
-5.639938113383880847e+00,-2.844601820549605087e+00
-1.103481324648774375e+01,-4.210157834412857625e+00
-7.895172197172785289e+00,4.006742782562447758e+00
-8.780304406501539205e+00,5.271112796446715265e+00
-8.457640594289525637e+00,5.371811081497493312e+00
-1.144949837194782560e+01,-5.374327037846557076e+00
2.732619761552789406e+00,1.292099502199322014e+00
-1.016832015450129667e+01,-3.938395508606491902e+00
2.257693758948522866e+00,2.566727241193886844e+00
-7.599114320895878905e+00,4.990342763467091380e+00
-7.972237868374498326e+00,4.574457787228552341e+00
-8.085115602519405087e+00,4.435698966697839474e+00
-8.332102277348825581e+00,4.278568704428244551e+00
-9.730276061550085842e+00,5.588742406807506669e+00
-7.668183651895280839e+00,-5.271177422684030667e+00
-7.503384801516148173e+00,6.012133189822309376e+00
-8.073119645948196421e+00,3.702620344043260125e+00
2.593180473113539275e+00,2.380589370470813648e-01
-7.760912919626401063e+00,4.392112553718045653e+00
-7.543836388644866275e+00,4.055129802611989298e+00
-8.188449082130068390e+00,3.824165012061770952e+00
-7.849181793667406204e+00,4.744529213812230140e+00
-8.410218692780329519e+00,6.382181888393138713e+00
-6.978775256832836504e+00,5.708695273110426349e+00
4.479244173726736555e+00,7.947168614687853960e-01
-8.740866704204073301e+00,4.391708849918504853e+00
7.670098973489027916e-01,3.713773193474791068e+00
-7.377117191174109578e+00,-5.410594488393647872e+00
-7.369287541831018196e+00,-4.133338439731785385e+00
-9.266304894750387433e+00,-3.939788715392039009e+00
-6.720187979371978315e+00,4.114033517959047259e+00
-4.428189672665589605e+00,-1.894815287832921413e+00
-7.161184637381480478e+00,-5.578331944847922941e+00
-1.079758191835193060e+01,-2.345693254875413025e+00
-9.446577890035893432e+00,3.417314358197210744e+00
-7.806786446766303733e+00,6.297342089092890838e+00
2.726962838947821322e+00,7.112099732798271567e-01
-8.651856499930589806e+00,3.225255184811349984e+00
-9.959353364568679368e+00,-4.896996631497287922e+00
4.509099731827939550e+00,1.203718362845626721e+00
3.598650961123285086e+00,1.163962558700326611e+00
-8.100079716134940711e+00,-1.851241347114204849e+00
3.907526026682837106e-01,3.395195980594182039e+00
2.652956091843872155e+00,6.667688333596328842e-01
-4.963433834476910889e+00,-1.188365799596016181e+00
-1.092560034503632593e+01,-4.175672212250345794e+00
-9.769259594833293647e+00,-5.115127176591250269e+00
-6.504958620589071039e+00,-4.105123572758273554e+00
-6.619351134862221819e+00,-4.299931925820835055e+00
-7.248053412322803979e+00,5.562989718586127452e+00
-8.347485356194887629e+00,-7.020381559389683446e-01
-8.868862546865951657e+00,5.656390750859302763e+00
-1.001954008538672092e+01,4.015790997727151534e+00
-8.755462726365633941e+00,3.798798480982610748e+00
-7.140895807214469038e+00,4.190373423959886878e+00
-8.123649625892030102e+00,5.504969981462840778e+00
-8.106652673660224906e+00,4.506785612889502524e+00
-6.001658264969806922e+00,-2.850293506925609677e+00
-6.651964219575281057e+00,5.907698797987898764e+00
1.916718220821033380e+00,2.411635349499234859e+00
-7.961872615905065231e+00,5.512717523472399073e+00
-8.770784300706564451e+00,4.519154659127270435e+00
-1.050018723978412183e+01,-7.017332503137662769e+00
-6.703850132472116918e+00,5.616459312626155054e+00
-9.312849674549791956e+00,6.414874135922422838e+00
-7.676748425492919026e+00,-6.999945007722045531e+00
-6.210332586549977663e+00,-2.567510770724636515e+00
-8.789102180256650243e+00,5.001248455788486424e+00
-1.128488979744223997e+01,-7.314444236761927343e+00
1.361997362387035393e+00,3.802613380819054534e+00
-7.259066625652507376e+00,-6.562104823229857331e-01
-9.201782060283486331e+00,-5.332758810572451935e+00
-7.784446946211315499e+00,5.568007359226419872e+00
-5.679200160719702239e+00,5.117090872155442227e+00
-6.574416893914092341e+00,-3.873092749374869470e+00
-7.784759532360388867e+00,3.993634478321449688e+00
-6.755738606935569379e+00,-4.473578422550912315e+00
-9.364758230082433244e+00,4.978130091210919872e+00
-8.412271754604542906e+00,4.596540816579198996e+00
-9.667779892884237114e+00,5.588037748739813182e+00
-7.591925350653831117e+00,3.369997348976291107e+00
4.534638468983134274e+00,6.594711038096476852e-01
-8.625027390684671502e+00,4.609607306014491535e+00
-9.338961854006447183e+00,-4.493704610588795667e+00
-6.033236028065259937e+00,4.803766035056457717e+00
-8.653284701927889344e+00,5.078514025174176716e+00
-9.277058919379918223e+00,-5.227834668884095315e+00
-5.379426153981761161e+00,4.252526821934620394e+00
7.902128688012268753e-01,2.984116210777818079e+00
-6.896306042537849734e+00,5.400530684598706443e+00
-6.412306036296707035e+00,-4.303537627409289357e+00
-9.225219286996237500e+00,-5.121578508031394250e+00
6.077256563552625224e+00,6.815564575279071668e-01
-6.147926924858492015e+00,-5.469326548597019055e+00
-7.487163542407243355e+00,4.673681537841681610e+00
-1.368178905440570681e+01,-9.302789779309879492e+00
1.804672030913889502e+00,3.152620492705205280e+00
-6.703800340606687946e+00,-4.460181026226834433e+00
-7.989814481287926817e+00,7.198296338670492567e+00
-6.905833008556056640e+00,3.905759046964908610e+00
-7.899418791271036966e+00,5.539161274114196232e+00
1.234179416839123133e+00,2.890868297872771109e+00
-7.487083153172223504e+00,2.458761192311775368e+00
-7.692339140657803220e+00,-6.261443736642857694e+00
2.037030145922260616e+00,5.132071408218074282e+00
-7.113508460640384001e+00,4.727868243981792062e+00
4.668582137045953928e+00,-4.718843392345739574e-02
-8.153601805715076978e+00,-3.675534603221548124e+00
-7.400630627477703172e+00,4.743683106310356834e+00
-8.133238102771478850e+00,-4.100561934545693177e+00
-8.598150452516485132e+00,3.479960714807936561e+00
-8.458321864656889844e+00,-4.763870711747707709e+00
2.125458665538809910e+00,8.174806028606462771e-01
-1.060804272525349745e+01,-2.565955602283902515e+00
-7.428890177870177247e+00,4.456305970317223419e+00
-7.954834144061169177e+00,6.859346333851628508e+00
-7.901332546184204553e+00,5.197181055197367172e+00
-8.162218447576691460e+00,5.769430178177303858e+00
-8.278981605303030733e+00,5.529833783474957798e+00
9.359794306618840487e-01,1.804076376043088903e+00
-7.802171832150132325e+00,5.097750802422185146e+00
-1.086076629925446646e+01,-6.068593129341345538e+00
-7.543846964172944425e+00,4.642420968031402140e+00
-8.011135627340667753e+00,6.344074374673427386e+00
-8.268009783398111878e+00,4.503391790270482531e+00
-7.476738261311923317e+00,4.462416631441938009e+00
-8.305952575098391577e+00,4.561525541965393948e+00
-6.632814749043626890e+00,-2.003180340011978977e+00
-7.834136477346462790e+00,6.329141282745553099e+00
-8.815275661136459107e+00,6.801213990808534504e+00
-1.235229763350609389e+01,-4.913119018673704375e+00
-7.256446484491663185e+00,5.210359366629813138e+00
-1.069471961371952062e+01,-5.695723146782201596e+00
-7.555218637592750142e+00,6.022392322442069457e+00
-1.037219387151301575e+01,3.618254990505014757e+00
-9.098289431324745991e+00,5.572613353040789974e+00
-8.142687712073465534e+00,3.772363579589591787e+00
-8.541948167742470233e+00,-3.487939750833151109e+00
-6.790149873589695240e+00,3.593895228608989356e+00
-5.105425746744375104e+00,-1.239694055973418862e+00
-5.500788815391734587e+00,-5.498067766558480507e+00
-7.820294403782212633e+00,-4.578589529542058223e+00
-7.431541081075723199e+00,4.667188235147790465e+00
-5.548770280924923526e+00,4.788794016368480122e+00
-7.953864941044314740e+00,4.041625519773438313e+00
-7.827655056415946611e+00,-5.756879083883402970e+00
1.332520233514381314e+00,3.161965841709565073e+00
-7.917388967843798753e+00,4.178465482980472601e+00
-7.309322401369840350e+00,-3.913821862279980746e+00
9.414094453140429142e-01,4.585401809734574563e+00
-7.973261617325363204e+00,5.183450253581575851e+00
-7.961881999820599631e+00,4.421081860056792046e+00
-6.889938491063132275e+00,-3.777610677373527626e+00
-9.489499414710767411e+00,-3.379983564350200975e+00
-8.150140243950280805e+00,-6.272584818842100063e+00
-9.151687962959636380e+00,-2.633353703738008367e+00
2.138588994680116429e+00,2.088997803495090455e+00
-6.556307770777674904e+00,-6.119433482188857631e+00
-8.773192510223438489e+00,3.510066991778507450e+00
-8.221574398203999934e+00,5.424252618100870116e+00
2.021563608789223920e+00,1.826683814165604547e+00
-9.692370437474108869e+00,5.729346346280426161e+00
-9.631219507653533185e+00,4.698527685138306431e+00
-7.186547754885893369e+00,5.473290594914799634e+00
-8.429209296646476446e+00,6.375225420446897218e+00
-8.835192690191483678e+00,4.053259589042810696e+00
-8.036597292916246360e+00,4.915776703472605647e+00
1.829846011344190782e+00,4.011242582630907272e+00
-6.469067648971175366e+00,5.092447735469808556e+00
1.534133987053715398e+00,2.937752772134692769e+00
-8.147353664582842825e+00,6.059806294933774318e+00
3.018858942649595534e+00,2.588948241287964080e+00
-6.438720401044193409e+00,4.059729764042795175e+00
-5.654165460729708492e+00,-2.370393611689422642e+00
-7.500353044888034226e+00,3.781316170022803291e+00
-6.289163417453344174e+00,6.414415042729023853e+00
-8.370164164513703042e+00,4.040744607359411766e+00
-9.212867816209024951e+00,5.283769554383345834e+00
-7.498200246192361362e+00,4.943900526659096961e+00
-3.959484400083046474e+00,-1.279267859542042807e+00
-8.983118183745707697e+00,4.101678028567984136e+00
-7.542690353279188464e+00,5.962341744814345645e+00
3.266835699939980131e+00,2.438721805320218650e-01
-4.974743149596752012e+00,-2.154858441335831820e+00
-8.642952553352889922e+00,5.150115227006129004e+00
-9.194986805268660746e+00,4.499590332695736272e+00
-7.118868902900367779e+00,6.032989194519945642e+00
-7.680881599913717217e+00,5.307264780505590807e+00
-5.731896421801506492e+00,-8.972587797378359653e-01
2.896151167888999733e+00,2.546590916982421682e+00
-6.921479876379796892e+00,-6.473255876303454670e+00
-7.747196494580845361e+00,4.591985290960103328e+00
-9.723228250716323018e+00,6.797539387125905108e+00
-1.163292845938062747e+01,-7.813416158712128023e+00
2.496065545071833647e+00,8.844038362625052940e-01
-8.596479892654340205e+00,-4.193519999245475027e+00
-7.395863259557315494e+00,3.370416397251561946e+00
-7.509242821957402114e+00,-4.291676926305434847e+00
-8.155035808118325846e+00,5.066060261786492269e+00
-9.217252535518408507e+00,-6.322333882351866663e+00
-8.628980707591267674e+00,6.070072512070977311e+00
-7.177032889146106598e+00,-5.491067450777842751e+00
-8.029856121636365529e+00,4.881829215633407770e+00
-9.364807920768257077e+00,-5.899997413238951438e+00
3.504721720053384892e+00,-1.238927652097583376e-01
-9.939174184978179838e+00,-7.530175285084760972e+00
-1.100234891307109830e+00,6.435930591192134287e+00
-7.908640260677131550e+00,-1.924366603640119244e+00
-6.838283020366552556e+00,-2.181680430365041445e+00
-5.957915967266197654e+00,-3.140282174795057557e+00
-8.340692343877931236e+00,3.736827087914845968e+00
-4.338357635939138035e+00,-2.112719519629218556e+00
-6.203081477425071988e+00,4.795661063096952503e+00
1.681153853912328966e+00,3.623043328328003021e+00
3.088721157764109826e+00,9.562940494453853191e-01
-6.434496986538326802e+00,-4.094426181614251092e+00
2.992400614984302543e+00,7.959841886848417758e-01
-8.525409383184889833e+00,-1.161565903038613623e+00
6.009472045593413636e-01,1.853230385285980164e+00
-7.593342912533119105e+00,6.201697855667505976e+00
-6.124800865128813498e+00,-4.082460583846353686e+00
-7.895092834914486879e+00,5.133912922615476049e+00
-6.945822091061077508e+00,5.950833697003799827e+00
-8.234538034908750248e+00,4.136644418658217859e+00
4.480946973906624997e+00,-3.914810037257465680e-01
-4.522391036650691198e+00,2.806070735298833441e-01
-8.971170664824390073e+00,6.426316860787027352e+00
-6.546237750494237062e+00,-2.500318239278334076e+00
-1.414571953912170343e+01,-6.605876762728236429e+00
-7.894165356383221699e+00,4.139490252890391631e+00
7.246269405277419029e-01,4.202055914391347180e+00
-8.826917991567130528e+00,-4.446294876379250027e+00
-5.828835050681833607e+00,5.662074288999706440e+00
-6.399732181251240881e+00,4.811165219782216340e+00
-8.774295080486805176e+00,4.730610221548759320e+00
-7.429211470618426461e+00,6.542796338293051406e+00
-5.319429159230999460e+00,4.799191486004334095e+00
-7.644296484276015491e+00,4.522713729596770982e+00
-7.845331166353667562e+00,6.041568388818581603e+00
-9.162305010121690074e+00,-4.670009432752000755e+00
-8.723928704058602435e+00,3.880371766319545834e+00
-8.495795494545209436e+00,6.216577713742940325e+00
-2.617189001583679620e+00,4.560405339916210110e+00
-6.600802664630817773e+00,-2.215294966500385154e+00
6.670610965636560863e+00,2.490228383202275353e-01
-6.124029941846668379e+00,-4.576422325412706549e+00
-1.826687992397659333e+00,2.899287096114310902e+00
-6.412238476254632502e+00,4.356742398211260969e+00
-7.011759426257302863e+00,4.486097049720084939e+00
-8.232294007186597540e+00,5.728929867385239127e+00
-7.225839390181183930e+00,4.225541031229173683e+00
-8.154072398424835555e+00,6.193611680749198101e+00
-8.015779217120995170e+00,4.508269891986472544e+00
-7.968732452972430380e+00,4.907887885308044318e+00
-9.797164615395619336e+00,4.197746828269188768e+00
2.453540319633160216e+00,2.127133650498161721e+00
-8.521696524947815377e+00,5.777607281342240775e+00
2.560426515866027763e+00,1.577318120248680122e+00
-4.286747167182880958e+00,-2.707833155429584693e+00
-7.539205672298744609e+00,4.599013842103598648e+00
-9.541549607136721178e+00,-7.166422480492244951e-01
-1.023505561405268161e+01,-2.749718052741418894e+00
-7.457389216501203677e+00,5.715938893436991464e+00
-7.667201782595545190e+00,6.013750547498260879e+00
-8.659942705102338323e+00,5.213017167429887522e+00
-6.663613817677206619e+00,4.879958877903892045e+00
5.607419725645841346e-01,3.563074180404953051e+00
-7.445872421673230157e+00,4.329874102272703418e+00
4.694280150143692154e+00,6.766538218532009985e-01
-7.858193360846545517e+00,6.833435361815678455e+00
-7.830122040203075784e+00,5.090825927036325638e+00
1.450384037981375940e+00,4.163377697895018770e+00
-6.043923528301419879e+00,-4.750701244596847062e+00
-7.291140424632859940e+00,5.422818574676661285e+00
-7.958917773856120093e+00,5.593465919603239023e+00
-1.053887622422450043e+01,-2.274569403083613217e+00
2.660652825042578939e+00,1.560458007527321778e+00
-6.692088601233377787e+00,-2.927037694069600793e+00
-8.176289345984294243e+00,-3.366765721903298481e+00
-1.007995630653818964e+01,-1.057059960328099280e+01
-6.450284836001545230e-01,3.670000096242561405e+00
-9.011774084105487859e+00,5.084968137037707336e+00
4.438618513831630530e+00,1.052601419262114701e+00
-6.818418449869007247e+00,-4.139635637822991932e+00
-3.121996678777390066e-01,5.593540311726483694e+00
-8.419081992807821990e+00,5.397106236449778827e+00
-6.696819038351567777e+00,5.128536316856048494e+00
2.347436385794922753e+00,2.258316354705830253e+00
-9.203735192199779647e+00,5.417043502967603175e+00
-7.416631993178700810e+00,5.926604768308605387e+00
-8.123470688139873275e+00,-1.527779106837675815e+00
2.800573774887002099e+00,3.256079542059921117e+00
-7.657572648713172114e+00,4.776573887805303897e+00
-1.118168874179182559e+01,-7.795220293845835258e+00
-8.596670855538310008e+00,5.567058212520182181e+00
-8.957147473151016115e+00,3.651575680878298868e+00
-1.001681865306384012e+01,-6.837582240379580512e+00
-8.640725724190199131e+00,3.865688406277772771e+00
-9.446421063983327926e+00,4.547649724430907980e+00
-6.534057239595098210e+00,-2.754835837648874630e+00
-5.292283341032007371e+00,-5.813197555444693521e-01
-8.044139718847805653e+00,6.618459324231974250e+00
-7.320432134234917676e+00,4.576211751450523835e+00
3.689438330839578395e+00,8.577244289490175699e-01
4.958789699069267698e+00,-4.110923983232690482e-01
-9.300346832218339799e+00,4.196149595968480028e+00
-7.737447820169110813e+00,-7.832095046285035167e+00
-6.867994866322669978e+00,4.439018996868243860e+00
-9.079343166024994360e+00,4.885774448549820015e+00
-7.728623155534399380e+00,-1.539346406110216225e+00
-6.832235396586968434e+00,-2.556855744780273554e+00
-6.597155259899756707e+00,5.335844721405313074e+00
-9.422794908626343613e+00,6.922324755444398292e+00
-8.784349548122898810e+00,-4.500225937748426830e+00
-4.287478226496057587e+00,2.154906035470167680e-01
-8.110590502808207702e+00,4.567568021421555713e+00
-8.459626442269438940e+00,5.003583205954583946e+00
-6.963465786170889515e+00,-4.319656707743384061e+00
-9.216076580745861335e+00,5.140671903307961088e+00
4.843338663912335917e+00,-2.289381709801111775e+00
-7.973753382138412782e+00,4.885664840127622810e+00
-1.159267095721696705e+01,-2.073960729173801809e+00
-7.065820251500275262e+00,3.608494730595780631e+00
2.949523913859739110e+00,2.295237040919698934e+00
-8.045113303693334217e+00,5.079121723929534760e+00
-9.490265387907298233e+00,6.496139636951632212e+00
3.754242699399508609e+00,-4.070219077110950323e-01
-7.808549127976088577e+00,5.880511199177110626e+00
2.414461099593849802e+00,1.247005620928557601e+00
-1.214035571403209168e-01,1.855751892877613329e+00
-6.856147297024667964e+00,-2.374572277540791809e+00
-4.898035789674057838e-01,4.722056698095685512e+00
-9.040599230085145877e+00,4.684396876614141725e+00
-7.538531122558859821e+00,4.953518843967109397e+00
1.625699429561120235e+00,7.790516469634634067e-01
3.845037929682705524e+00,3.346451046722464184e+00
-7.986251512664466645e+00,3.155298836371954074e+00
-9.992530257616323297e+00,-4.399186040886980287e+00
-7.722755678871524587e+00,-2.432645131951771234e+00
-7.913416819834581339e+00,6.419255045910951196e+00
-6.662465724159713609e+00,-2.157472470005968646e+00
-9.652803642252843375e+00,6.065926818716889102e+00
-9.988495840922016811e+00,-2.646609775344301863e+00
-6.488360650115681416e+00,6.706468247260988669e+00
-1.036555312515193350e+01,-4.306675467586398298e+00
-7.715209400865636447e+00,4.690622407116638470e+00
-6.373350437698418247e+00,4.788561709154443236e+00
2.755102759969376258e+00,6.920056745847815716e-01
-7.170437134185537964e+00,-2.516511943376622984e+00
-8.923912015810001819e+00,6.412151698298631075e+00
2.809010846951978557e+00,6.825041956032638080e-01
-9.141901419203847468e+00,3.689029629558787882e+00
-5.774661343979299311e+00,-2.648158018895314214e+00
-6.991402713139896363e+00,5.527597382774315449e+00
-9.369859501952941372e+00,5.779460531259061895e+00
-9.038624720144312619e+00,-2.880235263919333821e+00
1.303478747609617461e+00,3.262939388895997883e-01
-9.830028550427810430e+00,4.304164880650452218e+00
2.905684589457576461e+00,1.019974027220746926e+00
-9.586876398800537658e+00,-5.657066752539877896e+00
-8.906087673034278396e+00,-2.639927913914833724e+00
-8.795437838866478231e+00,-6.787863119608610774e+00
-7.440701018609115813e+00,3.936304408974452329e+00
-7.810297387920003942e+00,6.702570152241791313e+00
-7.065920569108357085e+00,-3.215530534469039026e+00
-8.208285103094995705e+00,6.574371237475571839e+00
-7.130993657181239342e+00,5.184181264703545899e+00
-7.577419627727117302e+00,5.547480572104665164e+00
6.443742601352386856e-03,6.087320354739183870e+00
-9.436198384731182998e+00,-5.786831189385223340e+00
-4.820090503580498620e+00,-3.100483105450422272e+00
-7.373243297258801121e+00,-3.163815238392232221e+00
-6.544192048163156805e+00,5.055492225443802390e+00
2.653803495681704927e+00,-6.620121212532765753e-01
-7.932483142825675237e+00,5.777604137902912385e+00
-8.454080362515604463e+00,5.085951973434384321e+00
-8.835856067481621778e+00,4.057906411126884549e+00
-3.723917038020903014e+00,-3.661166417592943922e+00
-9.943456851286821774e+00,5.508299185593973135e+00
-5.847203979137860053e+00,-4.078997951058648930e+00
-8.589228986510150321e+00,4.551534993795940842e+00
-7.390657200164392648e+00,-1.356615217337902912e+00
-8.510926181232262522e+00,5.774728319067161664e+00
-7.758126366987621481e+00,-1.133185632705629331e+00
-9.057473647801529637e+00,4.444014968121032361e+00
-9.913742670861507733e+00,5.663561576591381375e+00
1.774347067087875818e-01,1.649988637047924422e+00
-1.047353965673224963e+01,-4.939700317409851493e+00
-6.259370554104669360e+00,4.706514945110622961e+00
-1.143900333290066840e+01,-7.528194185812383310e+00
-9.522768090504186489e+00,5.556964120578887112e+00
-7.197948261259483616e+00,3.153468018335327194e+00
-4.544519910764116766e+00,-9.001461981701424087e-01
-1.168566223795417791e+01,-6.316660024235797977e+00
-8.487091431711823120e+00,5.898967394588059854e+00
-5.449946965910976715e-01,3.017740911029510364e+00
-8.388154192482248916e+00,4.940071997328909781e+00
-1.208964290856944146e+01,-8.897707496271316074e+00
-8.628669733953593379e+00,-4.697154295017501369e+00
-6.969147695358484107e+00,-3.402610636509561193e+00
-7.461670396723823373e+00,4.857554582490630324e+00
-8.990881226846269669e+00,-3.941045499554503895e+00
-6.339392440105486415e+00,3.583396517574359397e+00
-8.282195876690435554e+00,3.841796814815971128e+00
-7.724333450659225164e+00,4.291614947661892998e+00
-1.031879323346907285e+01,-1.557302531029571391e+00
-8.574420688600769225e+00,-4.256503340349483189e+00
-7.792782606589046424e+00,5.583569926909303760e+00
-8.144142188275552030e+00,-6.349954614186291479e+00
7.851879371688372800e-01,3.663426364986488437e+00
-8.130620395995119765e+00,6.400689034443001191e+00
4.904806378222151153e+00,-2.503334360319904306e-01
-7.794913374768146497e+00,6.161533803559117395e+00
-6.747043765122282544e-01,2.928396954199609326e+00
-7.852565598349028342e+00,4.022535122754130832e+00
-8.147637414514838028e+00,6.131811956828452814e+00
2.083583767075674498e+00,2.484915042637549920e+00
-6.812796662144554816e+00,-4.232252593838332189e+00
2.065031026725987928e+00,-5.063632954321652946e-01
-7.073441699032903429e+00,5.558081880618665593e+00
-7.484008185094518595e+00,-2.952632235162046648e+00
-3.717159909381319238e+00,-1.542726897651903517e+00
-6.580136027803564325e+00,4.034893391935582940e+00
3.521378255046551331e+00,-2.381248169282428329e-01
-7.747729219387874622e+00,7.285601181528067016e+00
-8.431096337510757266e+00,5.572751366857215949e+00
-7.986760232332466458e+00,4.878055072399722469e+00
-7.959928543452224226e+00,4.672245082703582852e+00
-8.061743301457900301e+00,4.553163746337379081e+00
-9.126261179992670947e+00,-4.503367036884359464e+00
-8.099008311284077166e+00,3.949346163412510435e+00
-8.690906181013087206e+00,-6.300413662288826266e+00
-8.976895386735325388e+00,4.410420077454784149e+00
-4.903751294936053107e+00,-2.426898071449171468e+00
-8.762333934512650302e+00,-4.994793335286948022e+00
-7.155961916498524644e+00,-5.912128850626679366e+00
-7.356945454660706929e+00,5.588224929117936668e+00
7.693688414421757660e-01,3.681380128053189260e+00
-6.709727877594066747e+00,-6.067104603251380013e+00
-7.506106818830395433e+00,-4.049649951811788107e+00
-8.103212751461708052e+00,3.948609601339935438e+00
-7.404699692307707082e+00,6.164151766224966522e+00
-9.843233604319033603e+00,-2.716424114261174694e+00
-9.204405152571480286e+00,-5.465284620138134208e+00
7.689805128670685885e-01,2.416732331172022796e+00
-8.481392624047632722e+00,6.397065301313742403e+00
-8.956607050083333021e+00,-3.222053792466477162e+00
-8.554131247084486134e+00,6.499491490138763261e+00
-8.730873585951385962e+00,3.358296771190215857e+00
-6.959913754946296827e+00,5.164643809526397789e+00
-6.988276517490779050e+00,-3.621587107594993249e+00
-1.010262199823306872e+01,-3.159978085948392135e+00
-8.448767013105499046e+00,3.255812243446044807e+00
-9.306521522922601264e+00,4.026624032443251622e+00
-8.528670658935489257e+00,4.891996163219042515e+00
-9.380086757911570317e+00,-4.502000842567484895e+00
-7.540415095165943882e+00,5.280057860037680406e+00
-6.096113339581162194e+00,-3.159325155604071789e+00
5.238275785477837232e+00,1.106675109825121961e+00
-8.112443756019288799e+00,5.897864173203121396e+00
-6.609466032926062162e+00,3.358651391176970868e+00
3.783069662554939150e+00,2.907029000181984291e-01
-8.454377339190797258e+00,-4.297954977006493316e+00
-7.483492555718240347e+00,5.409294996640955588e+00
3.483671494358633325e+00,1.472949645395426499e+00
-9.094611458438873086e+00,-6.410513547961211422e+00
-1.012165584974431987e+01,-6.466057435138083953e+00
-8.489828218847266683e+00,5.658802141691513299e+00
-8.050082641464534561e+00,4.156384393464073845e+00
-9.582494477981757797e+00,7.243601894582640810e+00
-9.591447875458031902e+00,5.003222216443155901e+00
-8.766327598963583156e+00,6.281511340364133389e+00
-6.842875114310851714e+00,-9.079828142103809618e-01
2.185501099813682124e+00,2.712568970772408772e+00
-6.144580620027452866e+00,-3.073256002898435923e+00
-6.415179472650981651e+00,5.647967791009888217e+00
-5.911910907108511637e+00,-4.281284087931615190e+00
-7.182138168815003887e+00,5.238200192022038237e+00
-8.795671639930679575e+00,-3.152859765881056653e+00
-6.810761757849567388e+00,-1.240846715368566944e+00
-9.994852110325055605e+00,-4.820333351525404098e+00
-1.019850560459260613e+01,-6.401068577027404061e+00
-8.913642225099062344e+00,-4.087900584206713539e+00
-5.143898690331983659e+00,-5.366908814079809353e-01
-8.047277715696246503e+00,5.664144049358650790e+00
1.435362612466208665e+00,1.996433338445108063e+00
-7.493330973971611186e+00,4.377774528244944285e+00
-5.613274024450073618e+00,-3.411158337381146044e+00
-3.968026638557687669e+00,-1.046935905306690895e+00
4.401366459792347641e+00,-7.022266493339941462e-01
-8.768849159674809712e+00,3.830904252677973076e+00
-7.974614395593540905e+00,5.610391764305412643e+00
-7.009090826315154565e+00,4.813290888190220329e+00
-7.931400772519339171e+00,4.727723898854919504e+00
1.445466602226413766e+00,-5.898334947252887872e-01
-7.438770890339601927e+00,-4.626325785896937326e+00
6.154568164243205963e-01,5.462530283960509436e+00
-1.017579113606265651e+01,-4.440976313352821059e+00
-9.259787343405269766e+00,5.028620504187783169e+00
-7.609635056491377725e+00,6.588530691097532532e+00
8.827309308742139482e-01,3.289343527651913845e+00
-8.080811612943740840e+00,4.296140964009553365e+00
-6.444885967940932048e+00,5.613326226328701374e+00
-6.831269828798326671e+00,-4.807273713785796154e+00
-7.118569694747888477e+00,-6.754724955515028384e+00
-9.557998528183397013e+00,4.492965230234662322e+00
-7.114812458791072380e+00,6.473764815138404849e+00
1.863819039982065107e+00,1.730461201668988203e+00
-3.925465012492666439e+00,1.152033509178185255e-01
-8.652761449348712830e+00,3.541059269402674570e+00
2.249123226944344633e+00,-3.229603995165089003e-01
-7.459015246362037388e+00,-2.099065557871832688e+00
-1.005387796550483159e-02,3.368869525171444224e+00
-8.511873772235038160e+00,-1.407387412137917071e+00
-9.402393273342111613e+00,-7.167230910441948488e+00
-8.551811787155850553e+00,-3.788979278737509393e+00
-1.054714602096861853e+01,-3.075388025597191266e+00
-8.155163799481840670e+00,-5.353612354401279028e+00
-8.839632447173190855e+00,3.631754904661609551e+00
-9.012673123768591310e+00,3.972703122924537311e+00
-1.071967936432261403e+01,3.903398252907281041e+00
-7.569228865054358657e+00,4.850108408266860849e+00
-8.813794483231305321e+00,3.550882389263069427e+00
-9.709881543325192155e+00,-5.854455558445202712e+00
2.839807031374512736e-01,4.921709812276107598e+00
-7.992382501681841944e+00,5.886864686582761408e+00
1.225127681906434951e+00,3.351110373055188330e+00
-7.701286340007991171e+00,5.910645672229970060e+00
-7.190259269185552249e+00,6.079931217142535260e+00
-7.582199416793918623e+00,3.759783663592229708e+00
-8.028528869834415715e+00,4.675269734917040232e+00
-6.816880442668292517e+00,5.718897165528291637e+00
-6.657377989489646986e+00,4.260064147034740678e+00
-6.345118836078524893e+00,-3.373586767958502541e+00
-6.133316851668372927e+00,5.757468330061404238e+00
2.108706966830791174e+00,2.319052893189535336e+00
-7.750555330852211711e+00,-3.562170730231918991e+00
-9.911729049352365095e+00,-3.815784737416259009e+00
-8.644433813962690394e+00,-2.396623202733812352e+00
-8.993361375423134518e+00,7.042072149826953620e+00
-9.362940947208009845e+00,4.208243484356535724e+00
-6.285948530229267917e+00,4.232051408263185266e+00
-9.116949553746723112e+00,4.964703260397084428e+00
-7.246134316437698786e+00,4.111811788914486954e+00
-7.981372629338644664e+00,6.054324974904077727e+00
-7.580475891573858149e+00,5.924434021958509433e+00
4.254995812322451165e+00,2.091963431096333981e+00
-8.922823314996827904e+00,3.548661501808974883e+00
-8.039267991037952754e+00,4.051067189150236558e+00
-8.874662521988845754e+00,4.315598443859573585e+00
-9.055775695701701267e+00,-5.592521166120462794e+00
-8.326560977679207554e+00,4.991790117730386278e+00
-7.157029053015418363e+00,-3.114326605328320952e+00
-8.438276809833721970e+00,-2.309106537578018425e+00
7.674452511118801112e-01,8.896057821960832168e-01
-7.913547475992406710e+00,5.247706378466824084e+00
-7.280331829462668658e+00,4.751580693294961577e+00
-8.296941979676279999e+00,-4.473693026074589518e+00
-8.480242041738224046e+00,4.476749056615105360e+00
-9.797455804366897780e+00,3.936567061845392956e+00
-8.840477752403195666e+00,-3.941053551939210475e+00
-9.606439689449832287e+00,3.626946463958071298e+00
-8.271207339890164434e+00,3.682825211194205473e+00
3.203351729472990073e+00,2.167504331530394346e-01
-9.414304002400799121e+00,-6.678111518411133041e+00
-9.559808661186135481e+00,-3.565572699602615359e+00
-9.133592825638459090e+00,5.996759642819815994e+00
-7.261627285717717761e+00,-3.780781249385796627e+00
-8.046585659430963489e+00,-6.021159046346268084e+00
-8.333790960353564259e+00,4.979870896122462476e+00
-8.773264637360520979e+00,-3.987138769400337956e+00
-6.901696459267487427e+00,4.862160821403906041e+00
-1.017368462086691139e+01,-7.757914661997212136e+00
-8.430461911885792858e+00,6.149379383367124419e+00
-7.590448221762308378e+00,4.200406500329510351e+00
-5.774493681823120284e+00,-4.608305908075639223e+00
-8.141346073786516868e+00,-3.700330762272170837e+00
-6.901418351768853654e+00,4.872932837161482844e+00
-5.846880207429417275e+00,5.468304907689591765e+00
-7.913823157619879645e+00,7.190898013239840125e+00
-6.602408940657491954e+00,-2.126202644992868152e+00
-7.506355912475136449e+00,5.487015325980379110e+00
-8.778183521456123017e+00,6.736774956976710804e+00
-8.437181493969397650e+00,-5.177666375378082719e+00
4.180609520202368756e+00,1.992155746830862384e+00
4.233148457622027294e+00,1.346551126394781139e+00
3.197061992127650853e+00,1.680257126920439381e+00
-5.603389884716558633e+00,-1.686191507832493386e+00
-9.684728958873941806e+00,4.500583238977961642e+00
-1.117429319174516422e+01,-6.068029063329996475e+00
-5.576378269332639803e+00,-5.159033365415007566e+00
-6.603345069990870897e+00,-2.114458158067606064e+00
-1.200621021656004039e+01,-6.017421433929042607e+00
-8.657843009901018405e+00,-5.385560629842599312e+00
-6.871829152068329449e+00,-4.487126127301040768e+00
-8.565497806374656520e+00,5.476031383438114908e+00
-8.168081433392117674e+00,-1.986581964523116639e+00
-8.942684268940091386e+00,-4.585098537473731639e+00
-9.365162877225168714e+00,6.947098642820357384e+00
-7.941362718269788346e+00,-5.933913042483678346e-01
3.456722341539564258e-01,4.102552306124118253e+00
-8.304939480287647058e+00,-2.428754398476355103e+00
3.995665100286190707e+00,2.619588744933931679e+00
4.934448763720872932e+00,-7.124196759459344719e-02
-9.197427695638566547e+00,6.486399253466384351e+00
-9.428320842342261088e+00,-5.417735549743539103e+00
-1.037126702137811307e+01,-4.240636037182122564e+00
-8.762361536727610201e+00,3.553059665244191478e+00
4.530612092840126337e+00,5.689253129916447271e-01
-9.305278512907383615e+00,-8.405306891623679277e+00
-7.349958026949230394e+00,4.635830191084243879e+00
-7.761318429068164271e+00,4.883777560462248424e+00
-7.497671759925220059e+00,4.137733000246763382e+00
-9.922658976839819900e+00,-6.308342633927749077e+00
-9.139008193116964662e+00,3.785598617040740965e+00
-7.617252884381108480e+00,-2.810723804054614750e+00
-9.664712638066500716e+00,-6.133144240755573406e+00
-8.104979701018953264e+00,6.367414982460158690e+00
-5.859452017587873485e+00,-3.646600822216255811e+00
-9.779864218235005069e+00,-3.001573586879149325e+00
-9.799771181466745418e+00,3.895309852794390792e+00
-6.176338874350589592e+00,-6.817527425932073726e+00
3.319415708980936408e+00,3.103616804968828191e+00
-8.182904980856951838e+00,5.896248425356159117e+00
-9.664172985166173291e+00,4.873430668360610341e+00
-8.857702623046893819e+00,5.135454663189980451e+00
-7.397292343570670781e+00,4.405350230279594825e+00
-9.943654715861987015e+00,-4.152542744759339044e+00
-7.420639863304621997e+00,-3.057963004868979429e+00
-8.990670930627148394e+00,3.997331412630209080e+00
2.967542662455610269e+00,2.138402910594343620e-01
-6.565079357590526854e+00,-5.201871096879996159e+00
-4.748228840272838980e+00,-1.560372432792503705e+00
-7.868601374304036611e+00,-3.680694915532899181e+00
-7.998528999754588753e+00,4.233295145463099374e+00
-8.321258937058010119e+00,4.511433779245374254e+00
-9.424824622898668736e+00,-3.260954185944137329e+00
-4.753083817499073049e-01,6.365444334333553833e+00
-1.011505601518780750e+01,6.405365438724420102e+00
2.489161206291358397e+00,-6.737974421162169492e-01
-7.624072574232520161e+00,4.086405490022892550e+00
-2.372514642426221343e+00,-6.804153697302410819e-01
-7.433454684181787897e+00,5.146304446001043864e+00
-9.619359982897542238e+00,4.488959536419890206e+00
-6.502284972680437036e+00,5.565267202536451130e+00
-8.453956392482259830e+00,-5.868967787503414080e+00
-9.090355830579881058e+00,-3.212862079215261346e+00
-6.808651741382586664e+00,-1.942435835079899586e+00
-6.838441025052203415e+00,-8.149679211002069934e+00
-9.590446031675687877e+00,-2.451926802603878297e+00
5.195013812867584235e+00,-9.280405609959894164e-01
-8.720391239769810454e+00,-7.734388036198354577e+00
-7.489125178107582492e+00,6.314154433813948586e+00
-7.680568166668469310e+00,4.862220785714229443e+00
-7.552975843114321464e+00,5.105719995467154604e+00
-9.380430752307269415e+00,4.464085438333838418e+00
-7.936103808349821875e+00,3.392679840765941979e+00
-9.805251688630420404e+00,5.830386005340391975e+00
2.398657146033476906e+00,1.173822204160192673e+00
-8.000417326412620156e+00,5.374155085970802936e+00
-1.005674063667739304e+01,-5.135111682379731590e+00
-8.489725022373026064e+00,4.720703330721628177e+00
-8.363437780116051101e+00,5.779051220132991773e+00
-8.338682185445398076e+00,7.034762544021154085e+00
1.999532690786282929e+00,1.579327408812782219e+00
-5.074152373109437342e-01,4.217277638260430450e+00
-6.637245069882848902e+00,-2.737413258452493725e+00
-9.864779373376109106e+00,-6.884465857653068177e+00
1.516596319248000091e+00,1.439670359502768893e+00
-7.356368724546661575e+00,5.688896666607932140e+00
-1.050032422412067845e+01,-6.089659096564759011e+00
-8.135934948105266074e+00,-3.937026034043842326e+00
-8.584375275311321829e+00,5.365591460224636400e+00
-7.901389713865354381e+00,-3.904159799335545689e+00
-7.189522177235257772e+00,-4.209581256746492528e+00
-8.839129402842214489e+00,5.990121383879193573e+00
-8.919650690062661980e+00,7.642935721014741723e+00
-7.592869668916751635e+00,4.371442419755410036e+00
-7.674200386359374626e+00,5.124769521043212706e+00
-7.126688163929587816e+00,6.199736176415037825e+00
1.848872369673295601e-01,2.894423539535611489e+00
1.051325379061536225e+00,2.706071472748613260e+00
-8.403188306849532552e+00,5.949405523793219075e+00
-6.711206116536910571e+00,-3.326588671270914954e+00
3.157374797811583811e+00,-1.061920959195752800e+00
-7.300863846281306024e+00,4.701240399430064443e+00
-7.122845358148307326e+00,-5.604094557260762777e+00
6.274252217908333762e-01,1.817787269681296003e+00
-7.887442469093545405e+00,4.344454970515641890e+00
-9.102230190907089735e+00,4.975450576357620669e+00
-9.467494563667404606e+00,-5.732630592974840233e+00
-9.849130727275451136e+00,6.409952138396146637e+00
-7.124526745714080178e+00,-3.834584207824828006e+00
-8.596917111783193732e+00,4.777040817029620356e+00
-6.644557297405581764e+00,4.601851871249924564e+00
4.380475412783987110e+00,7.243055375544027452e-01
-6.929463352271825194e+00,-3.994966925593130824e-01
-9.375184479317240971e+00,5.500992232179946484e+00
-9.626321937826830322e+00,4.865177548905646354e+00
-8.651656209057779989e+00,5.504815456340502067e+00
-5.486302032695911990e+00,-3.722925881339176346e+00
-8.021256808467246202e+00,-2.572519798727317841e+00
-9.838176739670011273e+00,5.653037283406428415e+00
-7.753233976020029061e+00,6.525957560884808828e+00
-1.119321641757777996e+01,-6.589237996862674862e+00
-7.660940744057569418e+00,4.410367958048969861e+00
8.959776422697851572e-03,3.736588080563723047e+00
-7.932365769933079847e+00,4.536978245890948891e+00
-1.012117644490243507e+01,3.161153396241501490e+00
-6.055811672926331823e+00,-2.117684187474250024e+00
-6.238733872580136897e+00,5.754095663656242365e+00
-8.048344623779819074e+00,4.391898743048310294e+00
-7.723876548261458197e+00,-6.715235580775491542e+00
-7.792729253026381642e+00,5.307732574679431714e+00
-9.451905529431748221e+00,5.382202787785293374e+00
6.205777473988922655e-01,2.727866080822566985e+00
-1.057905074518947508e+01,4.062490613891270641e+00
1.415804801336399521e+00,2.981554778472654821e-01
1.236144755941918749e+00,1.111921577432653852e+00
-5.336168521857779901e+00,-3.050324899200109741e+00
-9.018279325566851412e+00,4.345429865002415681e+00
-7.229551859779841827e+00,-2.117977931614095866e+00
-7.535118617776952021e+00,4.607935417230573094e-01
-6.515074401300045892e+00,2.876109981954440897e+00
-8.886904326283875832e+00,5.878303757732530777e+00
5.229218688737035770e+00,1.519476752123869678e+00
-5.585504979571426887e+00,-2.195432255280267420e+00
-7.039442775542771535e+00,5.225840478602689743e+00
-8.010056471869013706e+00,6.238006935958440025e+00
-6.933815010709655446e+00,-2.540700209252086061e+00
-8.965953858841869462e+00,4.275688680768877425e+00
-7.787412953562463436e+00,6.547031496990844524e+00
-6.179411364219667746e+00,-4.374404673760157181e+00
6.633253128618843419e+00,-1.775787834138201404e+00
-7.120610058086629834e+00,5.635424526553995506e+00
-7.983508513019135222e+00,3.778223665305228351e+00
-7.023962474631074038e+00,3.443066067490739179e+00
-9.469715305502598213e+00,-5.351864127139337235e+00
-8.394537045720786850e+00,-3.796582133482751864e+00
-8.045456483717577711e+00,-3.656870607626033554e+00
-7.463403479433176280e+00,5.404695455614300315e+00
-6.460504272024034655e+00,-5.325975251892250739e+00
-8.603839552796150869e+00,3.850445936742882047e+00
-7.308307844272735387e+00,-8.426677176960929216e+00
-1.040267610383101449e+01,-5.979682078367257958e+00
2.466340504166990133e+00,3.409452419868206796e+00
-8.098161211205930243e+00,4.113385739943887565e+00
-7.725352796387555898e+00,4.396379563980909566e+00
-7.099945757235927246e+00,6.802242229790547157e+00
-8.433554332733168124e+00,5.037996013453515332e+00
-9.241622245319549123e+00,-6.504374222218325841e+00
-7.538689583787606452e+00,-3.758455142406234462e+00
-8.344196456467381395e+00,4.747289327958393201e+00
-8.129387708200306761e+00,-3.611954827740814888e+00
-6.701356432502245219e+00,-4.527514868585837959e+00
-7.450143132703608728e+00,5.000899926671107387e+00
-3.678907786399568280e+00,-2.285393294624200600e+00
-5.121377003103792624e+00,-3.647513701308343848e+00
-6.381945730999774469e+00,4.175590878672165829e+00
-8.045168346385040081e+00,-4.784770678992646076e+00
-8.808717531979533888e+00,3.895876014200738258e+00
-8.380253972221312964e+00,-4.187611260378918843e+00
-5.866156396211902546e+00,-2.566043125390112145e+00
-5.792198807528741611e+00,-3.567759080800612104e+00
-6.882716534311809298e+00,3.436095365160233506e+00
-7.753351044747553544e+00,5.607992509406397375e+00
-1.554973960867198635e-01,1.868776228461186628e+00
-7.894767862940724079e+00,4.908340591899617245e+00
-6.896496233271624199e+00,4.424744005193882224e+00
-8.069625573084303838e+00,-3.178839071294709218e+00
-7.233009549440448716e+00,3.973992748374218120e+00
-3.604426326062257324e+00,-2.739961774679166240e+00
-8.377546919059287944e+00,5.854642728712448729e+00
1.587476135319164872e+00,4.680490979266445084e-01
1.397843058877712208e+00,3.584680602527704707e+00
-6.308902176476558488e+00,-3.940485260464501316e+00
-7.713987473021882479e+00,5.978567297446042872e+00
-7.580982022865721426e+00,-4.216068210726120036e+00
-8.060287533639119317e+00,5.278081047967943640e+00
-9.459407874640461955e+00,-7.801728797540621763e+00
-1.041779921389789720e+01,-1.738549601857781290e+00
-7.082778457884144174e+00,4.942957132337811643e+00
-6.938399829964739141e+00,3.815112555428230579e+00
-6.276303724332738199e+00,5.713016229710937921e+00
3.265000847053442179e+00,-2.983352348791736830e-01
-9.004322712214612778e+00,4.001808271768135583e+00
-8.291641986351844906e+00,3.258977191641098337e+00
1.084164411640098358e-01,2.842003721458294940e+00
-9.655344038309678467e+00,5.153644460815666406e+00
-8.470742498182726621e+00,5.272796389530264527e+00
-9.855429495701041986e+00,-4.070481721037982226e+00
-7.661774526314884426e+00,5.651781261700616454e+00
-1.009624512727027934e+01,-6.702441634118423863e+00
-8.159939787757043206e+00,4.168042506782875023e+00
-9.857483271594537300e+00,5.382598136723462545e+00
-5.062577869334403680e-01,5.072165538087723746e+00
9.455802401822337444e-01,2.739509612666442440e+00
4.233019742344964698e+00,1.446472189321763580e-01
-8.621082697701377029e+00,6.734572174923709298e+00
9.049505770482031419e-01,4.795471312226821325e+00
-6.158844991828734905e+00,-2.314554503710436251e+00
-7.155004396999162353e+00,4.324406172369936741e+00
-8.086554521350192815e+00,-3.330734317873243366e+00
-7.376546390575617451e+00,5.890671681431395079e+00
-6.922962527052463955e+00,4.775173438729848563e+00
-1.643908271624322293e+00,4.261828639695876220e+00
1.972820814136599488e+00,3.575131389033165963e-01
-7.712742687533207686e+00,4.997123897340999044e+00
-8.239296591142343473e+00,4.753206442211248550e+00
-8.400348815013423120e+00,3.527677071533510400e+00
-6.893726569932080217e+00,-8.373080904311194672e+00
-9.684517255424882620e+00,5.806563767896259165e+00
-5.723473840106902522e+00,-3.538074083157556782e+00
-6.993577754594313411e+00,-1.353082079944951222e+00
2.782716892677315368e+00,2.421124596969981280e-01
-7.298216627882970542e+00,5.073285432007645035e+00
-7.843523743053701480e+00,4.783656021704273620e+00
-9.931493955533074569e+00,-3.335843421585903190e+00
-8.772771882978201319e+00,5.882056599363010285e+00
-8.957158098275410651e+00,6.013972154112161128e+00
-8.255957669214268435e+00,4.651953620357380359e+00
-8.161373536277778840e+00,6.794448805225073329e+00
-7.801010505594812017e+00,6.988731918595391335e+00
9.010596114317606098e-01,1.891066610482664778e+00
-6.294026125156770846e+00,-5.882484668136213735e+00
-8.895815760410826556e+00,5.548328130497980126e+00
2.229084390976588725e+00,5.395087979699941805e-02
-8.782366966902090510e+00,5.625118656433730102e+00
-7.033231988833540171e+00,5.508067909391478167e+00
-7.753777238723567500e+00,4.082015693995383998e+00
3.926544439023829103e-01,3.388128180143842982e+00
3.471295616017087582e+00,6.021662672206511413e-01
-6.739431154957850723e+00,4.899606496598633676e+00
-1.120377034889620660e+01,-4.607726404243764229e+00
3.246199146083406539e+00,3.279403127040162680e+00
-7.585908646206404704e+00,4.492765538105077283e+00
-8.475175105829247713e+00,6.272953748919910311e+00
-6.956232917236254920e+00,-6.615713739245317804e+00
-1.017160979859313308e+01,-5.826600965607401150e+00
-9.684192400373984100e+00,-4.971606765429406494e+00
-7.203151869367788507e+00,-4.911474390996497519e+00
-5.182713127052521074e+00,-3.985407713131142948e+00
-9.343943090132007967e+00,-3.683970771969800495e+00
-8.401557544499343777e+00,4.531523955320277075e+00
-8.777228042155133636e+00,4.699996423062204443e+00
-8.832186034150062426e+00,5.172339139229189087e+00
-5.511558385668871907e+00,6.695969533014169528e+00
-6.062135130451999032e+00,-1.968002941135011952e+00
-6.513217525914368977e+00,5.042779719883567324e+00
-6.432217343692497202e+00,-4.160307325897236730e+00
1.487997540864351098e+00,2.373196846950373917e+00
-7.669467256765083896e+00,4.854725542795231163e+00
-6.854737826980775495e+00,5.346494442006760828e+00
-1.277679436008778424e-01,1.906571017730789519e+00
-4.028417056351223380e+00,-5.697526066900628905e+00
-7.034063881540299157e+00,6.422604748969034993e+00
-6.103817771366855993e+00,4.200213861614229494e+00
-1.181834964617850403e+01,-3.550613151769428377e+00
9.410404081982455260e-01,2.764380666637915596e+00
-7.759943070703281265e+00,5.100159408090623181e+00
-6.442989958467840061e+00,5.884027197426326516e+00
-5.105024673894995146e+00,7.438253725445242992e-02
1.795290461805731708e+00,1.939991598830522967e+00
-8.743672174700872546e+00,4.840987748445640726e+00
-8.739395302510194696e+00,4.624040034028740642e+00
-7.840749531626297397e+00,3.041451044863461295e+00
-7.364572010669772517e+00,-3.729061578249658560e+00
-6.691331247647820391e+00,4.974201441745512930e+00
-8.612625738874935877e+00,4.177171675705718457e+00
-8.679593042544144765e+00,4.435682090317510706e+00
-8.483249542479107674e+00,5.002571182431510444e+00
-8.187794921974806073e+00,5.486937304939933036e+00
-8.003377854801204450e+00,-6.099718668452151604e+00
-6.085770302937185683e+00,3.334043923202281601e+00
2.361276430296872064e+00,3.019899740641386110e+00
-7.843134537992757949e+00,-3.804575768966603544e+00
-6.246147515250449977e+00,-2.708350730436443587e+00
-8.473360925502479546e+00,4.796429328526523150e+00
8.983087016404915914e-01,3.107024140847514548e+00
-8.988536558327902881e+00,-4.230065491256728372e+00
-7.174627767912484799e+00,4.701676831004165891e+00
-9.812108557184654245e+00,-3.016316035011183949e+00
-6.535707163912485740e+00,-4.703780405256354769e+00
-6.069073625642280589e+00,-4.172833830745629413e+00
-9.093895056734405458e+00,5.205796803734079603e+00
-7.718392262760315425e+00,-6.401385713926400101e+00
-9.548254322849041742e+00,5.531974639007191108e+00
-9.317717343140765607e+00,5.541008219959807413e+00
-5.198082129836675946e+00,-2.368944538392221411e+00
-7.519575503882212963e+00,4.031813936092895290e+00
-1.043756435919935655e+01,6.114924559490280132e+00
2.022248872871491798e+00,1.419349589285977320e+00
-5.543240247411189259e+00,-3.129474972826533197e+00
-8.294594526021493053e+00,-4.395801607944824774e+00
-9.099070528581309603e+00,-2.062548187869898353e+00
-6.038773010634984395e+00,4.927761241328331820e+00
-6.191868189421024127e+00,5.436638474629292617e+00
-8.035742733548174144e+00,5.336015742661992078e+00
-6.199537237539772150e+00,3.804896226536524040e+00
2.991172895478831695e+00,2.143671822669462657e+00
-7.494613061422657374e+00,5.359249156513456569e+00
-8.118586623550092085e+00,5.488370590429657803e+00
-4.974825679278586321e+00,-4.058000478622162177e+00
-6.742255782503962180e+00,2.913365020579457454e+00
-8.576241816226902515e+00,5.574608917292573018e+00
-4.199073274057909977e+00,-1.977015990248810251e+00
-9.781960815073588833e+00,-5.228217003381333328e+00
-7.086798075747822168e+00,7.211304333239493047e+00
-7.224976736775829522e+00,5.432837621499993830e+00
-9.332892534662374118e+00,-7.262105383074902498e+00
4.712337252948938016e+00,1.988902508737244945e+00
-4.784764950058320920e+00,-2.151644483635684502e+00
-8.549498546304040048e+00,3.901429272444670637e+00
-7.816571353332474992e+00,5.287915432215278599e+00
2.675265059833739301e+00,1.458168237409923407e+00
-7.758796035781047706e+00,6.127783630127802361e+00
-7.565192042268842343e+00,5.540094460524805697e+00
-8.148766152233680060e+00,5.096004204969769802e+00
-9.400256208127942159e+00,5.174680092898168660e+00
-7.312118608825245225e+00,5.049857266599822481e+00
-6.816929339889204797e+00,-3.979466293609855487e+00
-7.627681371822529144e+00,-1.141042602912219817e+00
-8.428702065585829573e+00,4.362159443526415714e+00
-4.161848599935713544e+00,-2.706964870000348355e+00
-8.778851881518120237e+00,-2.680665505678099692e+00
-6.314207697340696868e+00,3.351953793633819956e+00
-9.373042550950895446e+00,3.932257988980893515e+00
-9.604738529860986418e+00,6.458714749675993794e+00
2.687437482819889922e+00,1.534175234582438208e+00
-6.819627297653854114e+00,-3.840212776921110738e+00
-1.090673676255153879e+01,-7.172713607170721595e+00
-8.167312650465445856e-01,5.368406532582993052e+00
-1.078078757309248203e+01,-4.060890489733513853e+00
-9.638423625741792122e+00,3.223611383653424145e+00
-4.905473072278761393e+00,-1.517200305769765833e-01
-4.495762973214652902e+00,-2.483191447476404967e-01
-1.077735914542743245e+01,6.151733974780799308e+00
-7.992194133878552265e+00,-3.969196334138427318e+00
-3.620105853979987742e+00,-3.175439763447400754e+00
-7.351296028412352968e+00,-2.406801728236655169e+00
-6.998668982653270199e+00,5.597212504403424660e+00
-8.784687411429445092e+00,4.664419356416833473e+00
8.543382903045999566e-01,1.741172830005845995e+00
-7.296414445356611544e+00,5.929145147768690727e+00
-7.190819703146837050e+00,3.801907119808961788e+00
-7.031255606888854537e+00,4.269642904442040532e+00
-8.300006659011756938e+00,5.875509153141383223e+00
-8.799913623140664498e+00,4.779924220179644578e+00
-8.861215553398642086e+00,4.490404867053642946e+00
-8.015005087031365605e+00,4.886588369357266259e+00
-1.099461286022761897e+01,5.880937561080971321e+00
-8.256232697995438130e+00,5.857661910122452298e+00
-7.231229355600524933e+00,4.578672412675319769e+00
2.893253398521956399e+00,1.630084656908021401e+00
-9.521822211226764310e+00,-3.623329264110293657e+00
-7.123273226309547290e+00,3.173088621695482558e+00
-7.978142641780128663e+00,5.042539074029790847e+00
-1.005551119476541544e+01,-9.277268001665282426e+00
-9.081261025298386969e+00,-4.523069496513479670e+00
-6.156022805018986688e+00,-4.474863837818813472e+00
-6.204996284577770638e+00,-2.856335222218119085e+00
4.260427854769638145e+00,1.921724312994201656e+00
-6.225341439026666812e+00,4.606846805245886856e+00
2.517484780252069676e+00,-5.989738093825791587e-01
-8.968082117664577524e+00,5.477068092356865314e+00
-9.912403756729766258e+00,-3.042304983151456810e+00
-6.391477844051276058e+00,4.438421250396778817e+00
3.501877925149568860e+00,2.226920472641392479e+00
-7.322442966412283205e+00,6.307183845081257623e+00
4.117241622778552212e+00,8.466785890144810089e-01
2.973480681222201216e+00,2.550679225953026652e+00
-8.478113068667797236e+00,-4.767246702535268277e+00
-1.078535077727438107e+01,-9.343672991330896238e+00
-7.983362336111675006e+00,-4.122645493005546058e+00
-8.789655402197762868e+00,-5.553673313353403529e+00
-1.083201186990898712e+01,3.916573339735720083e+00
-9.329891861334063563e+00,4.644505225391547754e+00
-7.582146296782673822e+00,4.959981274648367133e+00
-8.711285755610438386e+00,6.127956624933380780e+00
-4.986462119091427780e+00,-5.389344690092544354e+00
-6.294826354784857969e+00,-6.942304561048038281e-01
-8.796775306306301445e+00,6.548066801378738866e+00
-6.960903559621607783e+00,5.479095224098228911e+00
-8.120406638664409371e+00,3.520684020036746631e+00
3.609115372025820001e+00,-5.076330899179959388e-02
-8.480249034994924884e+00,5.936107550109698039e+00
-7.937692966611884948e+00,-5.745395340772296855e-01
-6.730235249685696530e+00,4.290145817853895593e+00
-8.498211618586109850e+00,4.568585658895314872e+00
4.268982197516388855e-01,2.913485567894581685e+00
-1.099303262316955809e+01,-4.334906930090191679e+00
-7.829321218664058613e+00,-1.891555941537957253e+00
-8.974461786400093288e+00,-4.677562623639937911e+00
2.562921585774525113e+00,2.873327036980648508e-01
-1.018639415622255129e+01,-6.056681943535398460e+00
-8.447914838415540473e+00,4.801284938329201779e+00
-1.123002553970981410e+01,-5.658417886047468315e+00
-1.930532261555190310e+00,4.024513118476312101e+00
-4.759807387695273562e+00,9.682972133000218307e-01
-6.578024440707535447e+00,5.456363363480785544e+00
-6.684862334279027429e+00,4.676542527516575731e+00
-8.005927405833231703e+00,6.366060068403331940e+00
-8.647053526382759259e+00,5.171243545152212739e+00
-1.017893152019490977e+01,4.370349573059819193e+00
-7.772654049856519087e+00,6.614249547280227404e+00
-8.584093546794919760e+00,5.335105620195998988e+00
-7.900795137468497487e+00,6.576298972627717454e+00
-5.914668116327921332e-01,6.704285325568202225e-01
-1.098941935628370636e+01,-7.417752668683874617e+00
-8.769847940939138553e+00,-5.848113214445119112e+00
-8.469310736279107132e+00,5.875695678779506714e+00
-7.596103979164026576e+00,6.936712462402551793e+00
-1.110094394514434057e+01,-6.058336448592910983e+00
-8.813595997094507695e+00,4.478358490029380690e+00
2.295012400570073829e+00,2.241189126049220270e+00
-8.889040974698732001e+00,-3.826955960742611573e+00
-7.334032853930462004e+00,2.465445537915770036e+00
-8.183755730249991700e+00,5.824618219638467487e+00
-7.961091294143784580e+00,5.626564250745360596e+00
-7.673624910273009192e+00,6.483128627973814062e+00
-9.509661606068299022e+00,4.722608608256890328e+00
-9.211051011112981968e+00,-2.475856531499554425e+00
-5.975033684562847114e-02,2.385490279253296375e+00
2.169084156387178552e+00,-1.254562238049548029e-01
5.095165598666229201e+00,-4.574479670388913455e-01
-1.045078320720386245e+01,-5.458781314515936955e+00
-7.981077896117804826e+00,4.917965846854515988e+00
1.686517113832187054e+00,1.375182895254460691e+00
-8.142447868788840637e+00,3.691236485761391961e+00
-8.063661488789549026e+00,3.420069470328876093e+00
-1.019217467037544012e+01,-5.027725487579591146e+00
-7.615676594788754805e+00,6.009711854811714105e+00
-5.170213289723045946e+00,-4.939384979681942234e+00
-8.467441009625906290e+00,4.139846615075336800e+00
-9.808143926498251730e+00,5.411334242897608782e+00
6.498809471770251811e+00,-1.574453189479238624e+00
-1.046022521227976476e+01,-5.058142529949569699e+00
-7.839338810180227490e+00,4.047355047184612253e+00
9.384112923469296597e-01,3.243998089360558446e+00
-7.972490297970164619e+00,7.232016389525178113e+00
-8.975654040288286950e+00,-4.482449667765617818e+00
-9.109477553636144975e+00,4.452481899320567926e+00
-8.881630243735234131e+00,-4.685837952909980508e+00
